{"cameraMode":{"drawMode":0,"name":"Shaded","section":"Shading Mode"},"sceneLighting":true,"audioPlay":false,"sceneViewState":{"m_AlwaysRefresh":false,"showFog":true,"showSkybox":true,"showFlares":true,"showImageEffects":true,"showParticleSystems":true,"showVisualEffectGraphs":true,"m_FxEnabled":true},"in2DMode":false,"pivot":{"x":-7.630251407623291,"y":0.4782419800758362,"z":-1.4723159074783326},"rotation":{"x":0.011681893840432167,"y":-0.03839006647467613,"z":-0.00044771560351364315,"w":-0.9991986155509949},"size":1.963775396347046,"orthographic":false}